{"stats":{"minecraft:used":{"minecraft:iron_golem_spawn_egg":1},"minecraft:custom":{"minecraft:jump":82,"minecraft:time_since_rest":9806,"minecraft:damage_taken":55,"minecraft:crouch_one_cm":205,"minecraft:leave_game":1,"minecraft:sprint_one_cm":11840,"minecraft:play_time":9806,"minecraft:time_since_death":9806,"minecraft:walk_on_water_one_cm":246,"minecraft:walk_one_cm":6160,"minecraft:sneak_time":106,"minecraft:total_world_time":9806,"minecraft:walk_under_water_one_cm":999,"minecraft:fall_one_cm":836,"minecraft:fly_one_cm":22312}},"DataVersion":3955}