{"stats":{"minecraft:dropped":{"minecraft:stone":1,"minecraft:smooth_stone":2},"minecraft:used":{"minecraft:flower_pot":1,"minecraft:bread":1},"minecraft:mined":{"minecraft:grass":2,"minecraft:tall_grass":1,"earlystage:flint":3,"minecraft:birch_leaves":63,"earlystage:rock":9},"minecraft:picked_up":{"minecraft:stick":1,"earlystage:wooden_shield":1,"minecraft:flower_pot":1,"medievalweapons:wooden_dagger":2,"earlystage:rock":9,"minecraft:wheat_seeds":4,"minecraft:flint":3,"minecraft:bread":1,"minecraft:birch_sapling":9},"minecraft:custom":{"minecraft:time_since_rest":16743,"minecraft:crouch_one_cm":1889,"minecraft:play_time":16743,"lootr:looted_stat":1,"minecraft:sprint_one_cm":20783,"minecraft:damage_absorbed":83,"minecraft:damage_taken":8,"minecraft:walk_one_cm":20991,"minecraft:sneak_time":517,"minecraft:drop":3,"minecraft:jump":68,"minecraft:leave_game":2,"minecraft:time_since_death":16743,"minecraft:total_world_time":16743,"minecraft:climb_one_cm":28,"minecraft:interact_with_crafting_table":1,"minecraft:fall_one_cm":3192,"minecraft:fly_one_cm":11454}},"DataVersion":3465}