{"stats":{"minecraft:custom":{"minecraft:time_since_rest":22095,"minecraft:crouch_one_cm":1890,"minecraft:play_time":22095,"lootr:looted_stat":1,"minecraft:sprint_one_cm":25266,"minecraft:damage_absorbed":160,"minecraft:damage_taken":16,"minecraft:walk_one_cm":25197,"minecraft:sneak_time":529,"minecraft:drop":3,"minecraft:jump":92,"minecraft:damage_dealt":40,"minecraft:leave_game":6,"minecraft:time_since_death":22095,"minecraft:total_world_time":22095,"minecraft:climb_one_cm":28,"minecraft:interact_with_crafting_table":2,"minecraft:fall_one_cm":3192,"minecraft:fly_one_cm":13081},"minecraft:dropped":{"minecraft:stone":1,"minecraft:smooth_stone":2},"minecraft:picked_up":{"minecraft:stick":1,"earlystage:wooden_shield":1,"minecraft:flower_pot":1,"medievalweapons:wooden_dagger":2,"earlystage:rock":9,"minecraft:wheat_seeds":6,"minecraft:flint":4,"minecraft:bread":1,"minecraft:oak_sapling":1,"minecraft:birch_sapling":9,"minecraft:dirt":3},"minecraft:used":{"minecraft:flower_pot":1,"minecraft:dirt":3,"minecraft:bread":1},"minecraft:mined":{"minecraft:grass_block":1,"minecraft:grass":2,"minecraft:dirt":2,"minecraft:tall_grass":1,"earlystage:flint":4,"minecraft:birch_leaves":63,"earlystage:rock":9}},"DataVersion":3465}