{"stats":{"minecraft:crafted":{"minecraft:crafting_table":3,"immersive_armors:wooden_leggings":1,"minecraft:birch_planks":188,"minecraft:campfire":1,"immersive_armors:wooden_chestplate":1,"immersive_armors:wooden_boots":1,"minecraft:stick":12,"minecraft:wooden_axe":2,"medievalweapons:wooden_sickle":1,"minecraft:chest":2,"medievalweapons:wooden_dagger":13,"immersive_armors:wooden_helmet":1,"earlystage:wooden_shield":3,"earlystage:flint_axe":2},"minecraft:custom":{"lootr:looted_stat":6,"minecraft:mob_kills":21,"minecraft:interact_with_crafting_table":21,"minecraft:interact_with_campfire":19,"minecraft:leave_game":1,"minecraft:time_since_death":54213,"minecraft:sleep_in_bed":1,"minecraft:climb_one_cm":2102,"minecraft:time_since_rest":19835,"minecraft:sprint_one_cm":95116,"minecraft:walk_one_cm":152464,"minecraft:damage_taken":53,"minecraft:damage_absorbed":609,"minecraft:damage_blocked_by_shield":25,"minecraft:drop":41,"minecraft:damage_dealt":3750,"minecraft:talked_to_villager":2,"minecraft:fly_one_cm":82660,"minecraft:open_chest":22,"minecraft:crouch_one_cm":3448,"minecraft:play_time":54213,"minecraft:sneak_time":1150,"minecraft:jump":449,"minecraft:walk_on_water_one_cm":1461,"minecraft:total_world_time":54213,"minecraft:fish_caught":3,"minecraft:fall_one_cm":8266},"minecraft:killed":{"minecraft:spider":1,"minecraft:cod":1,"minecraft:creeper":1,"minecraft:sheep":1,"minecraft:skeleton":2,"minecraft:zombie":4,"minecraft:bee":9,"minecraft:chicken":1},"minecraft:broken":{"minecraft:wooden_axe":1,"earlystage:flint_axe":2,"medievalweapons:wooden_dagger":1},"minecraft:dropped":{"minecraft:wheat_seeds":28,"earlystage:wooden_shield":2,"medievalweapons:wooden_sickle":1,"medievalweapons:wooden_dagger":15,"agedaddition:raw_iron_nugget":1,"minecraft:carrot":12,"minecraft:stick":4,"minecraft:flint":6,"minecraft:gunpowder":2,"minecraft:potion":1,"minecraft:spider_eye":1,"minecraft:fishing_rod":10,"minecraft:bone":1},"minecraft:picked_up":{"minecraft:fishing_rod":11,"minecraft:birch_log":64,"candlelight:lettuce":5,"minecraft:charcoal":1,"vinery:red_grape":7,"minecraft:wheat":7,"minecraft:lilac":1,"minecraft:chicken":1,"earlystage:rock":20,"agedaddition:raw_gold_nugget":2,"minecraft:potato":23,"minecraft:potion":15,"minecraft:flint":14,"minecraft:oak_log":1,"minecraft:gunpowder":4,"minecraft:stripped_birch_log":1,"minecraft:string":3,"minecraft:cooked_salmon":4,"minecraft:cooked_mutton":1,"minecraft:bone":1,"minecraft:beetroot":8,"minecraft:bow":1,"minecraft:wheat_seeds":30,"minecraft:rose_bush":4,"earlystage:birch_bark":3,"minecraft:birch_sapling":30,"minecraft:stick":36,"minecraft:jukebox":1,"minecraft:oak_fence":1,"minecraft:dandelion":1,"minecraft:bowl":1,"agedaddition:raw_iron_nugget":3,"minecraft:target":2,"minecraft:carrot":455,"minecraft:redstone":2,"minecraft:spider_eye":1,"agedaddition:lapis_lazuli_piece":4,"mythic_charms:experience_nugget":16,"minecraft:rotten_flesh":6,"minecraft:cooked_cod":1,"medievalweapons:wooden_dagger":4,"minecraft:beetroot_seeds":20,"agedaddition:raw_copper_nugget":1,"minecraft:oak_sapling":4,"minecraft:mutton":1,"minecraft:cod":1,"minecraft:white_wool":1},"minecraft:mined":{"earlystage:flint":14,"minecraft:dandelion":1,"geocluster:gold_ore_sample":2,"minecraft:rose_bush":4,"geocluster:iron_ore_sample":2,"minecraft:campfire":1,"minecraft:tall_grass":7,"minecraft:carrots":476,"candlelight:wild_lettuce":5,"minecraft:birch_log":5,"minecraft:wheat":7,"minecraft:lilac":1,"minecraft:jukebox":1,"minecraft:birch_leaves":34,"minecraft:target":2,"earlystage:rock":20,"treechop:chopped_log":10,"geocluster:lapis_ore_sample":3,"minecraft:grass":70,"supplementaries:stick":1,"minecraft:potatoes":7,"minecraft:beetroots":8,"geocluster:copper_ore_sample":1,"minecraft:oak_leaves":1,"minecraft:fern":15},"minecraft:used":{"minecraft:oak_fence":1,"minecraft:cooked_mutton":1,"medievalweapons:wooden_dagger":80,"minecraft:birch_planks":5,"minecraft:glass_bottle":18,"minecraft:chest":2,"minecraft:stone":3,"minecraft:cooked_salmon":1,"minecraft:rotten_flesh":2,"minecraft:stick":1,"minecraft:target":1,"earlystage:flint_axe":53,"minecraft:crafting_table":3,"minecraft:carrot":495,"minecraft:campfire":2,"minecraft:wooden_axe":45,"minecraft:apple":2,"minecraft:fishing_rod":4,"immersive_armors:wooden_boots":1,"minecraft:potion":11,"vinery:red_grape":2}},"DataVersion":3465}