{"stats":{"minecraft:killed_by":{"minecraft:player":1},"minecraft:killed":{"minecraft:zombie":1,"minecraft:player":1,"minecraft:cow":1},"minecraft:mined":{"minecraft:grass":8,"minecraft:tall_grass":6},"minecraft:dropped":{"minecraft:wheat_seeds":2},"minecraft:picked_up":{"minecraft:stick":1,"minecraft:leather":2,"minecraft:wheat_seeds":4,"minecraft:beef":6,"minecraft:oak_log":1,"minecraft:oak_sapling":1,"minecraft:dirt":1},"minecraft:custom":{"minecraft:time_since_rest":47,"minecraft:crouch_one_cm":395,"minecraft:damage_taken":232,"minecraft:sprint_one_cm":30284,"minecraft:play_time":32052,"minecraft:deaths":2,"minecraft:walk_one_cm":15769,"minecraft:sneak_time":47,"minecraft:mob_kills":4,"minecraft:drop":1,"minecraft:jump":305,"minecraft:damage_dealt":462,"minecraft:leave_game":5,"minecraft:time_since_death":0,"minecraft:climb_one_cm":1876,"minecraft:total_world_time":32052,"minecraft:player_kills":1,"minecraft:fall_one_cm":2148,"minecraft:fly_one_cm":309135},"minecraft:used":{"minecraft:trident":26}},"DataVersion":3465}