{"stats":{"minecraft:dropped":{"minecraft:wheat_seeds":2},"minecraft:custom":{"minecraft:jump":53,"minecraft:time_since_rest":11552,"minecraft:crouch_one_cm":248,"minecraft:sprint_one_cm":6234,"minecraft:play_time":11552,"minecraft:time_since_death":11552,"minecraft:walk_one_cm":3094,"minecraft:sneak_time":30,"minecraft:climb_one_cm":1864,"minecraft:total_world_time":11552,"minecraft:drop":1,"minecraft:fall_one_cm":476,"minecraft:fly_one_cm":160966},"minecraft:picked_up":{"minecraft:wheat_seeds":2},"minecraft:mined":{"minecraft:tall_grass":4,"minecraft:grass":3}},"DataVersion":3465}