{"stats":{"minecraft:dropped":{"minecraft:wheat_seeds":2},"minecraft:custom":{"minecraft:jump":85,"minecraft:time_since_rest":16864,"minecraft:damage_dealt":70,"minecraft:crouch_one_cm":248,"minecraft:leave_game":1,"minecraft:play_time":16864,"minecraft:sprint_one_cm":10223,"minecraft:time_since_death":16864,"minecraft:walk_one_cm":5910,"minecraft:sneak_time":30,"minecraft:total_world_time":16864,"minecraft:climb_one_cm":1876,"minecraft:fall_one_cm":476,"minecraft:drop":1,"minecraft:fly_one_cm":169809},"minecraft:picked_up":{"minecraft:wheat_seeds":2,"minecraft:dirt":1},"minecraft:mined":{"minecraft:tall_grass":4,"minecraft:grass":3}},"DataVersion":3465}