{"stats":{"minecraft:killed":{"minecraft:cow":1},"minecraft:mined":{"minecraft:grass":3,"minecraft:tall_grass":4},"minecraft:picked_up":{"minecraft:leather":1,"minecraft:wheat_seeds":2,"minecraft:beef":3,"minecraft:dirt":1},"minecraft:dropped":{"minecraft:wheat_seeds":2},"minecraft:custom":{"minecraft:time_since_rest":3313,"minecraft:crouch_one_cm":248,"minecraft:sprint_one_cm":19121,"minecraft:play_time":23197,"minecraft:walk_one_cm":9025,"minecraft:deaths":1,"minecraft:sneak_time":32,"minecraft:mob_kills":1,"minecraft:drop":1,"minecraft:jump":171,"minecraft:damage_dealt":115,"minecraft:leave_game":3,"minecraft:time_since_death":3290,"minecraft:climb_one_cm":1876,"minecraft:total_world_time":23197,"minecraft:fall_one_cm":476,"minecraft:fly_one_cm":256005},"minecraft:used":{"minecraft:trident":4}},"DataVersion":3465}