{"stats":{"minecraft:dropped":{"minecraft:wheat_seeds":28,"earlystage:wooden_shield":2,"medievalweapons:wooden_dagger":10,"agedaddition:raw_iron_nugget":1,"minecraft:carrot":12,"minecraft:stick":4,"minecraft:flint":6,"minecraft:bone":1},"minecraft:used":{"minecraft:oak_fence":1,"minecraft:birch_planks":5,"medievalweapons:wooden_dagger":56,"minecraft:glass_bottle":1,"minecraft:stone":3,"minecraft:rotten_flesh":2,"minecraft:stick":1,"earlystage:flint_axe":53,"minecraft:crafting_table":3,"minecraft:carrot":428,"minecraft:campfire":2,"minecraft:apple":2,"immersive_armors:wooden_boots":1,"minecraft:potion":1},"minecraft:broken":{"earlystage:flint_axe":2},"minecraft:mined":{"earlystage:flint":12,"geocluster:gold_ore_sample":2,"geocluster:iron_ore_sample":1,"minecraft:campfire":1,"minecraft:carrots":435,"candlelight:wild_lettuce":5,"minecraft:birch_log":5,"minecraft:wheat":7,"minecraft:birch_leaves":34,"earlystage:rock":14,"treechop:chopped_log":6,"geocluster:lapis_ore_sample":1,"minecraft:grass":20,"minecraft:potatoes":7,"supplementaries:stick":1,"minecraft:beetroots":8,"geocluster:copper_ore_sample":1,"minecraft:oak_leaves":1,"minecraft:fern":2},"minecraft:custom":{"lootr:looted_stat":4,"minecraft:mob_kills":9,"minecraft:interact_with_crafting_table":14,"minecraft:interact_with_campfire":5,"minecraft:time_since_death":34378,"minecraft:sleep_in_bed":1,"minecraft:climb_one_cm":1460,"minecraft:time_since_rest":0,"minecraft:sprint_one_cm":54591,"minecraft:damage_absorbed":331,"minecraft:damage_taken":49,"minecraft:walk_one_cm":107093,"minecraft:damage_blocked_by_shield":25,"minecraft:drop":22,"minecraft:damage_dealt":2016,"minecraft:fly_one_cm":47795,"minecraft:play_time":34378,"minecraft:crouch_one_cm":3048,"minecraft:sneak_time":1040,"minecraft:jump":261,"minecraft:walk_on_water_one_cm":210,"minecraft:total_world_time":34378,"minecraft:fall_one_cm":6116},"minecraft:picked_up":{"minecraft:birch_log":35,"minecraft:charcoal":1,"candlelight:lettuce":5,"minecraft:wheat":7,"earlystage:rock":14,"agedaddition:raw_gold_nugget":2,"minecraft:potato":23,"minecraft:flint":12,"minecraft:oak_log":1,"minecraft:gunpowder":2,"minecraft:string":3,"minecraft:bone":1,"minecraft:beetroot":8,"minecraft:bow":1,"minecraft:wheat_seeds":28,"earlystage:birch_bark":3,"minecraft:birch_sapling":12,"minecraft:stick":24,"minecraft:oak_fence":1,"agedaddition:raw_iron_nugget":2,"minecraft:carrot":421,"minecraft:redstone":2,"agedaddition:lapis_lazuli_piece":1,"mythic_charms:experience_nugget":8,"minecraft:rotten_flesh":6,"minecraft:beetroot_seeds":20,"agedaddition:raw_copper_nugget":1},"minecraft:killed":{"minecraft:spider":1,"minecraft:creeper":1,"minecraft:skeleton":2,"minecraft:zombie":4},"minecraft:crafted":{"minecraft:crafting_table":3,"immersive_armors:wooden_leggings":1,"minecraft:birch_planks":56,"minecraft:campfire":1,"immersive_armors:wooden_boots":1,"minecraft:stick":12,"medievalweapons:wooden_dagger":12,"immersive_armors:wooden_helmet":1,"earlystage:wooden_shield":3,"earlystage:flint_axe":2}},"DataVersion":3465}