{"stats":{"minecraft:dropped":{"minecraft:bread":1,"minecraft:wheat_seeds":10,"minecraft:birch_sapling":11,"medievalweapons:wooden_dagger":2,"minecraft:clay_ball":14,"vinery:white_grape_seeds":11,"minecraft:carrot":1,"minecraft:lily_of_the_valley":2,"minecraft:flower_pot":1,"minecraft:stripped_birch_log":1,"earlystage:birch_bark":4,"minecraft:bow":2,"minecraft:redstone":2},"minecraft:used":{"minecraft:birch_planks":13,"medievalweapons:wooden_dagger":31,"minecraft:stick":1,"minecraft:lily_of_the_valley":1,"earlystage:flint_axe":52,"minecraft:carrot":649,"minecraft:bread":2,"minecraft:birch_sapling":1,"immersive_armors:wooden_chestplate":1,"immersive_armors:wooden_boots":1,"minecraft:oak_sapling":2,"earlystage:crafting_rock":1,"immersive_armors:wooden_leggings":1,"vinery:white_grape_seeds":2,"immersive_armors:wooden_helmet":1},"minecraft:broken":{"earlystage:flint_axe":2},"minecraft:mined":{"minecraft:lily_of_the_valley":1,"earlystage:flint":4,"minecraft:stripped_birch_log":1,"geocluster:iron_ore_sample":1,"minecraft:tall_grass":8,"vinery:white_grape_bush":8,"minecraft:carrots":645,"minecraft:birch_log":5,"earlystage:rock":12,"treechop:chopped_log":6,"geocluster:lapis_ore_sample":1,"minecraft:grass":54,"geocluster:redstone_ore_sample":2,"supplementaries:stick":1,"minecraft:gravel":4,"minecraft:oak_leaves":2,"minecraft:fern":13},"minecraft:custom":{"lootr:looted_stat":1,"minecraft:mob_kills":7,"minecraft:interact_with_crafting_table":16,"minecraft:interact_with_campfire":1,"minecraft:leave_game":2,"minecraft:time_since_death":35642,"minecraft:time_since_rest":35642,"minecraft:walk_one_cm":203079,"minecraft:sprint_one_cm":21458,"minecraft:damage_taken":46,"minecraft:damage_absorbed":287,"minecraft:damage_blocked_by_shield":105,"minecraft:drop":23,"minecraft:damage_dealt":1190,"minecraft:talked_to_villager":9,"minecraft:fly_one_cm":22478,"minecraft:crouch_one_cm":2058,"minecraft:play_time":35642,"minecraft:sneak_time":925,"minecraft:jump":202,"minecraft:walk_on_water_one_cm":48,"minecraft:total_world_time":35642,"minecraft:fall_one_cm":2551},"minecraft:picked_up":{"minecraft:birch_log":19,"earlystage:rock":11,"minecraft:flint":10,"minecraft:oak_log":26,"minecraft:stripped_birch_log":5,"minecraft:dirt":16,"minecraft:string":1,"earlystage:wooden_shield":1,"minecraft:bone":2,"minecraft:bow":2,"minecraft:wheat_seeds":10,"minecraft:smooth_stone":2,"earlystage:birch_bark":5,"minecraft:birch_sapling":12,"minecraft:stick":40,"minecraft:stone":1,"agedaddition:raw_iron_nugget":1,"minecraft:carrot":627,"minecraft:lily_of_the_valley":3,"minecraft:redstone":2,"minecraft:spider_eye":1,"agedaddition:lapis_lazuli_piece":1,"minecraft:arrow":2,"mythic_charms:experience_nugget":1,"minecraft:rotten_flesh":5,"medievalweapons:wooden_dagger":9,"vinery:white_grape_seeds":13,"minecraft:oak_sapling":13},"minecraft:killed":{"minecraft:spider":2,"minecraft:skeleton":2,"minecraft:zombie":2},"minecraft:crafted":{"immersive_armors:wooden_leggings":1,"minecraft:birch_planks":52,"earlystage:crafting_rock":1,"immersive_armors:wooden_chestplate":1,"immersive_armors:wooden_boots":1,"immersive_armors:wooden_helmet":2,"earlystage:flint_axe":2}},"DataVersion":3465}