{"stats":{"minecraft:crafted":{"minecraft:oak_planks":8,"immersive_armors:wooden_leggings":1,"minecraft:birch_planks":52,"earlystage:crafting_rock":1,"immersive_armors:wooden_chestplate":1,"immersive_armors:wooden_boots":1,"minecraft:wooden_axe":1,"immersive_armors:wooden_helmet":2,"earlystage:flint_axe":2},"minecraft:custom":{"lootr:looted_stat":5,"minecraft:mob_kills":13,"minecraft:interact_with_crafting_table":19,"minecraft:interact_with_campfire":10,"minecraft:leave_game":3,"minecraft:time_since_death":55926,"minecraft:climb_one_cm":969,"minecraft:time_since_rest":55926,"minecraft:walk_one_cm":260022,"minecraft:sprint_one_cm":63917,"minecraft:damage_taken":46,"minecraft:damage_absorbed":303,"minecraft:damage_blocked_by_shield":105,"minecraft:drop":64,"minecraft:damage_dealt":1609,"minecraft:talked_to_villager":10,"minecraft:fly_one_cm":62351,"minecraft:open_chest":9,"minecraft:crouch_one_cm":2378,"minecraft:play_time":55926,"minecraft:sneak_time":1067,"minecraft:jump":417,"minecraft:walk_on_water_one_cm":154,"minecraft:total_world_time":55926,"minecraft:fall_one_cm":5384},"minecraft:killed":{"minecraft:spider":2,"naturalist:boar":1,"minecraft:sheep":3,"minecraft:skeleton":2,"minecraft:zombie":2,"minecraft:chicken":2},"minecraft:broken":{"minecraft:wooden_axe":1,"earlystage:flint_axe":3},"minecraft:dropped":{"minecraft:bread":1,"minecraft:wheat_seeds":10,"agedaddition:lapis_lazuli_piece":1,"minecraft:birch_sapling":26,"minecraft:feather":4,"minecraft:rotten_flesh":5,"medievalweapons:wooden_dagger":4,"minecraft:clay_ball":14,"vinery:white_grape_seeds":11,"minecraft:carrot":1,"minecraft:lily_of_the_valley":2,"minecraft:flower_pot":1,"minecraft:gunpowder":2,"mythic_charms:experience_nugget":1,"minecraft:oak_sapling":5,"minecraft:potion":1,"minecraft:spider_eye":2,"minecraft:stripped_birch_log":1,"earlystage:birch_bark":4,"minecraft:bow":2,"minecraft:string":1,"minecraft:birch_log":3,"minecraft:fishing_rod":7,"minecraft:bone":2,"minecraft:redstone":2},"minecraft:picked_up":{"minecraft:birch_log":44,"minecraft:fishing_rod":2,"minecraft:charcoal":1,"minecraft:feather":4,"minecraft:chicken":2,"earlystage:rock":20,"minecraft:potion":8,"minecraft:flint":13,"minecraft:oak_log":72,"minecraft:gunpowder":2,"minecraft:stripped_birch_log":5,"minecraft:dirt":16,"minecraft:string":1,"minecraft:red_bed":1,"earlystage:wooden_shield":1,"minecraft:bone":2,"minecraft:apple":47,"minecraft:bow":2,"minecraft:wheat_seeds":10,"minecraft:smooth_stone":2,"earlystage:birch_bark":6,"minecraft:gray_bed":1,"minecraft:birch_sapling":27,"minecraft:stick":85,"minecraft:stone":1,"agedaddition:raw_iron_nugget":1,"minecraft:porkchop":1,"minecraft:redstone":2,"minecraft:carrot":627,"minecraft:lily_of_the_valley":3,"minecraft:spider_eye":2,"agedaddition:lapis_lazuli_piece":1,"minecraft:arrow":2,"mythic_charms:experience_nugget":2,"minecraft:rotten_flesh":5,"medievalweapons:wooden_dagger":9,"vinery:white_grape_seeds":13,"medievalweapons:wooden_sickle":1,"minecraft:mutton":3,"minecraft:oak_sapling":30,"minecraft:white_wool":3},"minecraft:used":{"minecraft:birch_planks":13,"medievalweapons:wooden_dagger":35,"minecraft:glass_bottle":8,"medievalweapons:wooden_sickle":2,"minecraft:stick":1,"minecraft:lily_of_the_valley":1,"earlystage:flint_axe":75,"minecraft:red_bed":1,"minecraft:carrot":649,"minecraft:campfire":1,"minecraft:wooden_axe":59,"minecraft:apple":1,"minecraft:bread":3,"minecraft:birch_sapling":1,"immersive_armors:wooden_boots":1,"immersive_armors:wooden_chestplate":1,"minecraft:potion":7,"minecraft:oak_sapling":2,"earlystage:crafting_rock":1,"immersive_armors:wooden_leggings":1,"minecraft:smooth_stone":1,"vinery:white_grape_seeds":2,"immersive_armors:wooden_helmet":1},"minecraft:mined":{"minecraft:red_bed":1,"minecraft:lily_of_the_valley":1,"earlystage:flint":7,"minecraft:stripped_birch_log":1,"geocluster:iron_ore_sample":1,"minecraft:campfire":1,"minecraft:tall_grass":8,"vinery:white_grape_bush":8,"minecraft:carrots":645,"minecraft:birch_log":5,"minecraft:gray_bed":1,"earlystage:rock":21,"treechop:chopped_log":16,"geocluster:lapis_ore_sample":1,"minecraft:oak_log":2,"minecraft:grass":56,"geocluster:redstone_ore_sample":2,"supplementaries:stick":1,"minecraft:gravel":4,"minecraft:oak_leaves":2,"minecraft:fern":13}},"DataVersion":3465}