{
  "minecraft:recipes/decorations/crafting_table": {
    "criteria": {
      "unlock_right_away": "2024-07-02 23:28:08 +0000"
    },
    "done": true
  },
  "minecraft:adventure/adventuring_time": {
    "criteria": {
      "minecraft:taiga": "2024-07-02 23:31:57 +0000",
      "minecraft:beach": "2024-07-02 23:31:14 +0000",
      "minecraft:river": "2024-07-02 23:31:40 +0000",
      "minecraft:swamp": "2024-07-02 23:31:41 +0000",
      "minecraft:cold_ocean": "2024-07-02 23:31:15 +0000",
      "minecraft:forest": "2024-07-02 23:29:18 +0000",
      "minecraft:deep_cold_ocean": "2024-07-02 23:32:20 +0000",
      "minecraft:jungle": "2024-07-02 23:32:38 +0000",
      "minecraft:plains": "2024-07-02 23:28:09 +0000"
    },
    "done": false
  },
  "DataVersion": 3465
}